Date,Event,Fight,Fighter,Opponent,Weight,Url
2017-12-01,The Ultimate Fighter Finale: Montano vs Modafferi,Emily Whitmire (125) vs. Gillian Robertson (125.5),Emily Whitmire,Gillian Robertson,125,https://www.youtube.com/watch?v=CDPhGGnSaOA
2017-12-01,The Ultimate Fighter Finale: Montano vs Modafferi,Emily Whitmire (125) vs. Gillian Robertson (125.5),Gillian Robertson,Emily Whitmire,125.5,https://www.youtube.com/watch?v=CDPhGGnSaOA
2017-12-01,The Ultimate Fighter Finale: Montano vs Modafferi,Shana Dobson (125.5) vs. Ariel Beck (125.5),Shana Dobson,Ariel Beck,125.5,https://www.youtube.com/watch?v=CDPhGGnSaOA
2017-12-01,The Ultimate Fighter Finale: Montano vs Modafferi,Shana Dobson (125.5) vs. Ariel Beck (125.5),Ariel Beck,Shana Dobson,125.5,https://www.youtube.com/watch?v=CDPhGGnSaOA
2017-12-01,The Ultimate Fighter Finale: Montano vs Modafferi,Karine Gevorgyan (130.5) vs. Rachael Ostovich (125),Karine Gevorgyan,Rachael Ostovich,130.5,https://www.youtube.com/watch?v=CDPhGGnSaOA
2017-12-01,The Ultimate Fighter Finale: Montano vs Modafferi,Karine Gevorgyan (130.5) vs. Rachael Ostovich (125),Rachael Ostovich,Karine Gevorgyan,125,https://www.youtube.com/watch?v=CDPhGGnSaOA
2017-12-01,The Ultimate Fighter Finale: Montano vs Modafferi,Andrew Sanchez (185.5) vs. Ryan Janes (185),Andrew Sanchez,Ryan Janes,185.5,https://www.youtube.com/watch?v=CDPhGGnSaOA
2017-12-01,The Ultimate Fighter Finale: Montano vs Modafferi,Andrew Sanchez (185.5) vs. Ryan Janes (185),Ryan Janes,Andrew Sanchez,185,https://www.youtube.com/watch?v=CDPhGGnSaOA
2017-12-01,The Ultimate Fighter Finale: Montano vs Modafferi,Christina Marks (125.5) vs. Montana De La Rosa (125.5),Christina Marks,Montana De La Rosa,125.5,https://www.youtube.com/watch?v=CDPhGGnSaOA
2017-12-01,The Ultimate Fighter Finale: Montano vs Modafferi,Christina Marks (125.5) vs. Montana De La Rosa (125.5),Montana De La Rosa,Christina Marks,125.5,https://www.youtube.com/watch?v=CDPhGGnSaOA
2017-12-01,The Ultimate Fighter Finale: Montano vs Modafferi,Joe Soto (135) vs. Brett Johns (135.5),Joe Soto,Brett Johns,135,https://www.youtube.com/watch?v=CDPhGGnSaOA
2017-12-01,The Ultimate Fighter Finale: Montano vs Modafferi,Joe Soto (135) vs. Brett Johns (135.5),Brett Johns,Joe Soto,135.5,https://www.youtube.com/watch?v=CDPhGGnSaOA
2017-12-01,The Ultimate Fighter Finale: Montano vs Modafferi,Deanna Bennett (126) vs. Melinda Fabian (126),Deanna Bennett,Melinda Fabian,126,https://www.youtube.com/watch?v=CDPhGGnSaOA
2017-12-01,The Ultimate Fighter Finale: Montano vs Modafferi,Deanna Bennett (126) vs. Melinda Fabian (126),Melinda Fabian,Deanna Bennett,126,https://www.youtube.com/watch?v=CDPhGGnSaOA
2017-12-01,The Ultimate Fighter Finale: Montano vs Modafferi,Eric Spicely (185.5) vs. Gerald Meerschaert (185),Eric Spicely,Gerald Meerschaert,185.5,https://www.youtube.com/watch?v=CDPhGGnSaOA
2017-12-01,The Ultimate Fighter Finale: Montano vs Modafferi,Eric Spicely (185.5) vs. Gerald Meerschaert (185),Gerald Meerschaert,Eric Spicely,185,https://www.youtube.com/watch?v=CDPhGGnSaOA
2017-12-01,The Ultimate Fighter Finale: Montano vs Modafferi,Barb Honchak (125.5) vs. Lauren Murphy (124.5),Barb Honchak,Lauren Murphy,125.5,https://www.youtube.com/watch?v=CDPhGGnSaOA
2017-12-01,The Ultimate Fighter Finale: Montano vs Modafferi,Barb Honchak (125.5) vs. Lauren Murphy (124.5),Lauren Murphy,Barb Honchak,124.5,https://www.youtube.com/watch?v=CDPhGGnSaOA
2017-12-01,The Ultimate Fighter Finale: Montano vs Modafferi,Sean O'Malley (135.5) vs. Terrion Ware (136),Sean O'Malley,Terrion Ware,135.5,https://www.youtube.com/watch?v=CDPhGGnSaOA
2017-12-01,The Ultimate Fighter Finale: Montano vs Modafferi,Sean O'Malley (135.5) vs. Terrion Ware (136),Terrion Ware,Sean O'Malley,136,https://www.youtube.com/watch?v=CDPhGGnSaOA
2017-12-01,The Ultimate Fighter Finale: Montano vs Modafferi,Nicco Montano (124.5) vs. Roxanne Modafferi (124),Nicco Montano,Roxanne Modafferi,124.5,https://www.youtube.com/watch?v=CDPhGGnSaOA
2017-12-01,The Ultimate Fighter Finale: Montano vs Modafferi,Nicco Montano (124.5) vs. Roxanne Modafferi (124),Roxanne Modafferi,Nicco Montano,124,https://www.youtube.com/watch?v=CDPhGGnSaOA
2016-12-30,UFC 207: Nunes vs. Rousey,Tim Means (170) vs. Alex Oliveira (170.5),Tim Means,Alex Oliveira,170,https://www.youtube.com/watch?v=mE0F6oEc-QQ
2016-12-30,UFC 207: Nunes vs. Rousey,Tim Means (170) vs. Alex Oliveira (170.5),Alex Oliveira,Tim Means,170.5,https://www.youtube.com/watch?v=mE0F6oEc-QQ
2016-12-30,UFC 207: Nunes vs. Rousey,Niko Price (170) vs. Brandon Thatch (170),Niko Price,Brandon Thatch,170,https://www.youtube.com/watch?v=mE0F6oEc-QQ
2016-12-30,UFC 207: Nunes vs. Rousey,Niko Price (170) vs. Brandon Thatch (170),Brandon Thatch,Niko Price,170,https://www.youtube.com/watch?v=mE0F6oEc-QQ
2016-12-30,UFC 207: Nunes vs. Rousey,Alex Garcia (170.5) vs. Mike Pyle (170),Alex Garcia,Mike Pyle,170.5,https://www.youtube.com/watch?v=mE0F6oEc-QQ
2016-12-30,UFC 207: Nunes vs. Rousey,Alex Garcia (170.5) vs. Mike Pyle (170),Mike Pyle,Alex Garcia,170,https://www.youtube.com/watch?v=mE0F6oEc-QQ
2016-12-30,UFC 207: Nunes vs. Rousey,Marvin Vettori (186) vs. Antonio Carlos Junior (186),Marvin Vettori,Antonio Carlos Junior,186,https://www.youtube.com/watch?v=mE0F6oEc-QQ
2016-12-30,UFC 207: Nunes vs. Rousey,Marvin Vettori (186) vs. Antonio Carlos Junior (186),Antonio Carlos Junior,Marvin Vettori,186,https://www.youtube.com/watch?v=mE0F6oEc-QQ
2016-12-30,UFC 207: Nunes vs. Rousey,Niel Magny (171) vs. Johny Hendricks (173.5),Niel Magny,Johny Hendricks,171,https://www.youtube.com/watch?v=mE0F6oEc-QQ
2016-12-30,UFC 207: Nunes vs. Rousey,Niel Magny (171) vs. Johny Hendricks (173.5),Johny Hendricks,Niel Magny,173.5,https://www.youtube.com/watch?v=mE0F6oEc-QQ
2016-12-30,UFC 207: Nunes vs. Rousey,Ray Borg (129.5) vs. Louis Smolka (125.5),Ray Borg,Louis Smolka,129.5,https://www.youtube.com/watch?v=mE0F6oEc-QQ
2016-12-30,UFC 207: Nunes vs. Rousey,Ray Borg (129.5) vs. Louis Smolka (125.5),Louis Smolka,Ray Borg,125.5,https://www.youtube.com/watch?v=mE0F6oEc-QQ
2016-12-30,UFC 207: Nunes vs. Rousey,Tarec Saffiedine (171) vs. Dong Hyun Kim (171),Tarec Saffiedine,Dong Hyun Kim,171,https://www.youtube.com/watch?v=mE0F6oEc-QQ
2016-12-30,UFC 207: Nunes vs. Rousey,Tarec Saffiedine (171) vs. Dong Hyun Kim (171),Dong Hyun Kim,Tarec Saffiedine,171,https://www.youtube.com/watch?v=mE0F6oEc-QQ
2016-12-30,UFC 207: Nunes vs. Rousey,John Lineker (135) vs. TJ Dillashaw (136),John Lineker,TJ Dillashaw,135,https://www.youtube.com/watch?v=mE0F6oEc-QQ
2016-12-30,UFC 207: Nunes vs. Rousey,John Lineker (135) vs. TJ Dillashaw (136),TJ Dillashaw,John Lineker,136,https://www.youtube.com/watch?v=mE0F6oEc-QQ
2016-12-30,UFC 207: Nunes vs. Rousey,Cody Garbrandt (135) vs. Dominick Cruz (135),Cody Garbrandt,Dominick Cruz,135,https://www.youtube.com/watch?v=mE0F6oEc-QQ
2016-12-30,UFC 207: Nunes vs. Rousey,Cody Garbrandt (135) vs. Dominick Cruz (135),Dominick Cruz,Cody Garbrandt,135,https://www.youtube.com/watch?v=mE0F6oEc-QQ
2016-12-30,UFC 207: Nunes vs. Rousey,Ronda Rousey (135) vs. Amanda Nunes (135),Ronda Rousey,Amanda Nunes,135,https://www.youtube.com/watch?v=mE0F6oEc-QQ
2016-12-30,UFC 207: Nunes vs. Rousey,Ronda Rousey (135) vs. Amanda Nunes (135),Amanda Nunes,Ronda Rousey,135,https://www.youtube.com/watch?v=mE0F6oEc-QQ
2016-12-09,UFC Fight Night: Lewis vs. Abdurakhimov,Derrick Lewis (265.6) vs. Shamil Abdurakhimov (253.8),Derrick Lewis,Shamil Abdurakhimov,265.6,http://mmajunkie.com/2016/12/ufc-fight-night-102-early-weigh-in-results-and-live-video-stream-9-a-m-et-1
2016-12-09,UFC Fight Night: Lewis vs. Abdurakhimov,Derrick Lewis (265.6) vs. Shamil Abdurakhimov (253.8),Shamil Abdurakhimov,Derrick Lewis,253.8,http://mmajunkie.com/2016/12/ufc-fight-night-102-early-weigh-in-results-and-live-video-stream-9-a-m-et-1
2016-12-09,UFC Fight Night: Lewis vs. Abdurakhimov,Francis Ngannou (257.2) vs. Anthony Hamilton (254.6),Francis Ngannou,Anthony Hamilton,257.2,http://mmajunkie.com/2016/12/ufc-fight-night-102-early-weigh-in-results-and-live-video-stream-9-a-m-et-1
2016-12-09,UFC Fight Night: Lewis vs. Abdurakhimov,Francis Ngannou (257.2) vs. Anthony Hamilton (254.6),Anthony Hamilton,Francis Ngannou,254.6,http://mmajunkie.com/2016/12/ufc-fight-night-102-early-weigh-in-results-and-live-video-stream-9-a-m-et-1
2016-12-09,UFC Fight Night: Lewis vs. Abdurakhimov,Corey Anderson (205.4) vs. Sean O'Connell (205.6),Corey Anderson,Sean O'Connell,205.4,http://mmajunkie.com/2016/12/ufc-fight-night-102-early-weigh-in-results-and-live-video-stream-9-a-m-et-1
2016-12-09,UFC Fight Night: Lewis vs. Abdurakhimov,Corey Anderson (205.4) vs. Sean O'Connell (205.6),Sean O'Connell,Corey Anderson,205.6,http://mmajunkie.com/2016/12/ufc-fight-night-102-early-weigh-in-results-and-live-video-stream-9-a-m-et-1
2016-12-09,UFC Fight Night: Lewis vs. Abdurakhimov,Gian Villante (205.8) vs. Saparbek Safarov (205),Gian Villante,Saparbek Safarov,205.8,http://mmajunkie.com/2016/12/ufc-fight-night-102-early-weigh-in-results-and-live-video-stream-9-a-m-et-1
2016-12-09,UFC Fight Night: Lewis vs. Abdurakhimov,Gian Villante (205.8) vs. Saparbek Safarov (205),Saparbek Safarov,Gian Villante,205,http://mmajunkie.com/2016/12/ufc-fight-night-102-early-weigh-in-results-and-live-video-stream-9-a-m-et-1
2016-12-09,UFC Fight Night: Lewis vs. Abdurakhimov,Justine Kish (116.4) vs. Ashley Yoder (115.2),Justine Kish,Ashley Yoder,116.4,http://mmajunkie.com/2016/12/ufc-fight-night-102-early-weigh-in-results-and-live-video-stream-9-a-m-et-1
2016-12-09,UFC Fight Night: Lewis vs. Abdurakhimov,Justine Kish (116.4) vs. Ashley Yoder (115.2),Ashley Yoder,Justine Kish,115.2,http://mmajunkie.com/2016/12/ufc-fight-night-102-early-weigh-in-results-and-live-video-stream-9-a-m-et-1
2016-12-09,UFC Fight Night: Lewis vs. Abdurakhimov,Randy Brown (170.8) vs. Brian Camozzi (169.6),Randy Brown,Brian Camozzi,170.8,http://mmajunkie.com/2016/12/ufc-fight-night-102-early-weigh-in-results-and-live-video-stream-9-a-m-et-1
2016-12-09,UFC Fight Night: Lewis vs. Abdurakhimov,Randy Brown (170.8) vs. Brian Camozzi (169.6),Brian Camozzi,Randy Brown,169.6,http://mmajunkie.com/2016/12/ufc-fight-night-102-early-weigh-in-results-and-live-video-stream-9-a-m-et-1
2016-12-09,UFC Fight Night: Lewis vs. Abdurakhimov,Joe Gigliotti (186) vs. Gerald Meerschaert (184.4),Joe Gigliotti,Gerald Meerschaert,186,http://mmajunkie.com/2016/12/ufc-fight-night-102-early-weigh-in-results-and-live-video-stream-9-a-m-et-1
2016-12-09,UFC Fight Night: Lewis vs. Abdurakhimov,Joe Gigliotti (186) vs. Gerald Meerschaert (184.4),Gerald Meerschaert,Joe Gigliotti,184.4,http://mmajunkie.com/2016/12/ufc-fight-night-102-early-weigh-in-results-and-live-video-stream-9-a-m-et-1
2016-12-09,UFC Fight Night: Lewis vs. Abdurakhimov,Andrew Sanchez (185) vs. Trevor Smith (185.4),Andrew Sanchez,Trevor Smith,185,http://mmajunkie.com/2016/12/ufc-fight-night-102-early-weigh-in-results-and-live-video-stream-9-a-m-et-1
2016-12-09,UFC Fight Night: Lewis vs. Abdurakhimov,Andrew Sanchez (185) vs. Trevor Smith (185.4),Trevor Smith,Andrew Sanchez,185.4,http://mmajunkie.com/2016/12/ufc-fight-night-102-early-weigh-in-results-and-live-video-stream-9-a-m-et-1
2016-12-09,UFC Fight Night: Lewis vs. Abdurakhimov,Tiago Trator (145.6) vs. Shane Burgos (145.6),Tiago Trator,Shane Burgos,145.6,http://mmajunkie.com/2016/12/ufc-fight-night-102-early-weigh-in-results-and-live-video-stream-9-a-m-et-1
2016-12-09,UFC Fight Night: Lewis vs. Abdurakhimov,Tiago Trator (145.6) vs. Shane Burgos (145.6),Shane Burgos,Tiago Trator,145.6,http://mmajunkie.com/2016/12/ufc-fight-night-102-early-weigh-in-results-and-live-video-stream-9-a-m-et-1
2016-12-09,UFC Fight Night: Lewis vs. Abdurakhimov,Frankie Perez (155.8) vs. Marc Diakiese (155.4),Frankie Perez,Marc Diakiese,155.8,http://mmajunkie.com/2016/12/ufc-fight-night-102-early-weigh-in-results-and-live-video-stream-9-a-m-et-1
2016-12-09,UFC Fight Night: Lewis vs. Abdurakhimov,Frankie Perez (155.8) vs. Marc Diakiese (155.4),Marc Diakiese,Frankie Perez,155.4,http://mmajunkie.com/2016/12/ufc-fight-night-102-early-weigh-in-results-and-live-video-stream-9-a-m-et-1
2016-12-09,UFC Fight Night: Lewis vs. Abdurakhimov,Keith Berish (184.6) vs. Ryan Janes (184.8),Keith Berish,Ryan Janes,184.6,http://mmajunkie.com/2016/12/ufc-fight-night-102-early-weigh-in-results-and-live-video-stream-9-a-m-et-1
2016-12-09,UFC Fight Night: Lewis vs. Abdurakhimov,Keith Berish (184.6) vs. Ryan Janes (184.8),Ryan Janes,Keith Berish,184.8,http://mmajunkie.com/2016/12/ufc-fight-night-102-early-weigh-in-results-and-live-video-stream-9-a-m-et-1
2016-12-09,UFC Fight Night: Lewis vs. Abdurakhimov,Juliana Lima (115.6) vs. JJ Aldrich (115.4),Juliana Lima,JJ Aldrich,115.6,http://mmajunkie.com/2016/12/ufc-fight-night-102-early-weigh-in-results-and-live-video-stream-9-a-m-et-1
2016-12-09,UFC Fight Night: Lewis vs. Abdurakhimov,Juliana Lima (115.6) vs. JJ Aldrich (115.4),JJ Aldrich,Juliana Lima,115.4,http://mmajunkie.com/2016/12/ufc-fight-night-102-early-weigh-in-results-and-live-video-stream-9-a-m-et-1
2015-12-12,UFC 194: Aldo vs. McGregor,Jose Aldo (145) vs. Conor McGregor (145),Jose Aldo,Conor McGregor,145,http://mmajunkie.com/2015/12/ufc-194-live-and-official-weigh-in-results-1
2015-12-12,UFC 194: Aldo vs. McGregor,Jose Aldo (145) vs. Conor McGregor (145),Conor McGregor,Jose Aldo,145,http://mmajunkie.com/2015/12/ufc-194-live-and-official-weigh-in-results-1
2015-12-12,UFC 194: Aldo vs. McGregor,Chris Weidman (185) vs. Luke Rockhold (185),Chris Weidman,Luke Rockhold,185,http://mmajunkie.com/2015/12/ufc-194-live-and-official-weigh-in-results-1
2015-12-12,UFC 194: Aldo vs. McGregor,Chris Weidman (185) vs. Luke Rockhold (185),Luke Rockhold,Chris Weidman,185,http://mmajunkie.com/2015/12/ufc-194-live-and-official-weigh-in-results-1
2015-12-12,UFC 194: Aldo vs. McGregor,Yoel Romero (185) vs. Ronaldo Souza (186),Yoel Romero,Ronaldo Souza,185,http://mmajunkie.com/2015/12/ufc-194-live-and-official-weigh-in-results-1
2015-12-12,UFC 194: Aldo vs. McGregor,Yoel Romero (185) vs. Ronaldo Souza (186),Ronaldo Souza,Yoel Romero,186,http://mmajunkie.com/2015/12/ufc-194-live-and-official-weigh-in-results-1
2015-12-12,UFC 194: Aldo vs. McGregor,Damian Maia (170) vs. Gunnar Nelson (170),Damian Maia,Gunnar Nelson,170,http://mmajunkie.com/2015/12/ufc-194-live-and-official-weigh-in-results-1
2015-12-12,UFC 194: Aldo vs. McGregor,Damian Maia (170) vs. Gunnar Nelson (170),Gunnar Nelson,Damian Maia,170,http://mmajunkie.com/2015/12/ufc-194-live-and-official-weigh-in-results-1
2015-12-12,UFC 194: Aldo vs. McGregor,Max Holloway (146) vs. Jeremy Stephens (145),Max Holloway,Jeremy Stephens,146,http://mmajunkie.com/2015/12/ufc-194-live-and-official-weigh-in-results-1
2015-12-12,UFC 194: Aldo vs. McGregor,Max Holloway (146) vs. Jeremy Stephens (145),Jeremy Stephens,Max Holloway,145,http://mmajunkie.com/2015/12/ufc-194-live-and-official-weigh-in-results-1
2015-12-12,UFC 194: Aldo vs. McGregor,Urijah Faber (136) vs. Frankie Saenz (135),Urijah Faber,Frankie Saenz,136,http://mmajunkie.com/2015/12/ufc-194-live-and-official-weigh-in-results-1
2015-12-12,UFC 194: Aldo vs. McGregor,Urijah Faber (136) vs. Frankie Saenz (135),Frankie Saenz,Urijah Faber,135,http://mmajunkie.com/2015/12/ufc-194-live-and-official-weigh-in-results-1
2015-12-12,UFC 194: Aldo vs. McGregor,Jocelyn Jones-Lybarger (116) vs. Tecia Torres (116),Jocelyn Jones-Lybarger,Tecia Torres,116,http://mmajunkie.com/2015/12/ufc-194-live-and-official-weigh-in-results-1
2015-12-12,UFC 194: Aldo vs. McGregor,Jocelyn Jones-Lybarger (116) vs. Tecia Torres (116),Tecia Torres,Jocelyn Jones-Lybarger,116,http://mmajunkie.com/2015/12/ufc-194-live-and-official-weigh-in-results-1
2015-12-12,UFC 194: Aldo vs. McGregor,Warlley Alves (171) vs. Colby Covington (170),Warlley Alves,Colby Covington,171,http://mmajunkie.com/2015/12/ufc-194-live-and-official-weigh-in-results-1
2015-12-12,UFC 194: Aldo vs. McGregor,Warlley Alves (171) vs. Colby Covington (170),Colby Covington,Warlley Alves,170,http://mmajunkie.com/2015/12/ufc-194-live-and-official-weigh-in-results-1
2015-12-12,UFC 194: Aldo vs. McGregor,Kevin Lee (156) vs. Leonardo Santos (156),Kevin Lee,Leonardo Santos,156,http://mmajunkie.com/2015/12/ufc-194-live-and-official-weigh-in-results-1
2015-12-12,UFC 194: Aldo vs. McGregor,Kevin Lee (156) vs. Leonardo Santos (156),Leonardo Santos,Kevin Lee,156,http://mmajunkie.com/2015/12/ufc-194-live-and-official-weigh-in-results-1
2015-12-12,UFC 194: Aldo vs. McGregor,Magomed Mustafaev (155) vs. Joe Proctor (155.5),Magomed Mustafaev,Joe Proctor,155,http://mmajunkie.com/2015/12/ufc-194-live-and-official-weigh-in-results-1
2015-12-12,UFC 194: Aldo vs. McGregor,Magomed Mustafaev (155) vs. Joe Proctor (155.5),Joe Proctor,Magomed Mustafaev,155.5,http://mmajunkie.com/2015/12/ufc-194-live-and-official-weigh-in-results-1
2015-12-12,UFC 194: Aldo vs. McGregor,John makdesi (156) vs. Yancy Mideiros (155.5),John makdesi,Yancy Mideiros,156,http://mmajunkie.com/2015/12/ufc-194-live-and-official-weigh-in-results-1
2015-12-12,UFC 194: Aldo vs. McGregor,John makdesi (156) vs. Yancy Mideiros (155.5),Yancy Mideiros,John makdesi,155.5,http://mmajunkie.com/2015/12/ufc-194-live-and-official-weigh-in-results-1
2015-12-12,UFC 194: Aldo vs. McGregor,Marcio Alexandre Jr. (171) vs. Court McGee (170),Marcio Alexandre Jr.,Court McGee,171,http://mmajunkie.com/2015/12/ufc-194-live-and-official-weigh-in-results-1
2015-12-12,UFC 194: Aldo vs. McGregor,Marcio Alexandre Jr. (171) vs. Court McGee (170),Court McGee,Marcio Alexandre Jr.,170,http://mmajunkie.com/2015/12/ufc-194-live-and-official-weigh-in-results-1
2015-12-10,UFC Fight Night: Namajunas vs. VanZant,Rose Namajunas (115.5) vs. Paige VanZant (115.5),Rose Namajunas,Paige VanZant,115.5,http://mmajunkie.com/2015/12/ufc-fight-night-80-live-and-official-weigh-in-results-2
2015-12-10,UFC Fight Night: Namajunas vs. VanZant,Rose Namajunas (115.5) vs. Paige VanZant (115.5),Paige VanZant,Rose Namajunas,115.5,http://mmajunkie.com/2015/12/ufc-fight-night-80-live-and-official-weigh-in-results-2
2015-12-10,UFC Fight Night: Namajunas vs. VanZant,Michael Chiesa (156) vs. Jim Miller (155.5),Michael Chiesa,Jim Miller,156,http://mmajunkie.com/2015/12/ufc-fight-night-80-live-and-official-weigh-in-results-2
2015-12-10,UFC Fight Night: Namajunas vs. VanZant,Michael Chiesa (156) vs. Jim Miller (155.5),Jim Miller,Michael Chiesa,155.5,http://mmajunkie.com/2015/12/ufc-fight-night-80-live-and-official-weigh-in-results-2
2015-12-10,UFC Fight Night: Namajunas vs. VanZant,Sage Northcutt (155.5) vs. Cody Pfister (156),Sage Northcutt,Cody Pfister,155.5,http://mmajunkie.com/2015/12/ufc-fight-night-80-live-and-official-weigh-in-results-2
2015-12-10,UFC Fight Night: Namajunas vs. VanZant,Sage Northcutt (155.5) vs. Cody Pfister (156),Cody Pfister,Sage Northcutt,156,http://mmajunkie.com/2015/12/ufc-fight-night-80-live-and-official-weigh-in-results-2
2015-12-10,UFC Fight Night: Namajunas vs. VanZant,"Thiago ""Marreta"" Santos (185) vs. Elias Theodorou (185)","Thiago ""Marreta"" Santos",Elias Theodorou,185,http://mmajunkie.com/2015/12/ufc-fight-night-80-live-and-official-weigh-in-results-2
2015-12-10,UFC Fight Night: Namajunas vs. VanZant,"Thiago ""Marreta"" Santos (185) vs. Elias Theodorou (185)",Elias Theodorou,"Thiago ""Marreta"" Santos",185,http://mmajunkie.com/2015/12/ufc-fight-night-80-live-and-official-weigh-in-results-2
2015-12-10,UFC Fight Night: Namajunas vs. VanZant,John Howard (170) vs. Tim Means (170),John Howard,Tim Means,170,http://mmajunkie.com/2015/12/ufc-fight-night-80-live-and-official-weigh-in-results-2
2015-12-10,UFC Fight Night: Namajunas vs. VanZant,John Howard (170) vs. Tim Means (170),Tim Means,John Howard,170,http://mmajunkie.com/2015/12/ufc-fight-night-80-live-and-official-weigh-in-results-2
2015-12-10,UFC Fight Night: Namajunas vs. VanZant,Omari Akhmedov (170) vs. Sergio Moraes (171),Omari Akhmedov,Sergio Moraes,170,http://mmajunkie.com/2015/12/ufc-fight-night-80-live-and-official-weigh-in-results-2
2015-12-10,UFC Fight Night: Namajunas vs. VanZant,Omari Akhmedov (170) vs. Sergio Moraes (171),Sergio Moraes,Omari Akhmedov,171,http://mmajunkie.com/2015/12/ufc-fight-night-80-live-and-official-weigh-in-results-2
2015-12-10,UFC Fight Night: Namajunas vs. VanZant,Kevin Casey (185) vs. Antonio Carlos Junior (185),Kevin Casey,Antonio Carlos Junior,185,http://mmajunkie.com/2015/12/ufc-fight-night-80-live-and-official-weigh-in-results-2
2015-12-10,UFC Fight Night: Namajunas vs. VanZant,Kevin Casey (185) vs. Antonio Carlos Junior (185),Antonio Carlos Junior,Kevin Casey,185,http://mmajunkie.com/2015/12/ufc-fight-night-80-live-and-official-weigh-in-results-2
2015-12-10,UFC Fight Night: Namajunas vs. VanZant,Johnny Eduardo (135) vs. Aljamain Sterling (135.5),Johnny Eduardo,Aljamain Sterling,135,http://mmajunkie.com/2015/12/ufc-fight-night-80-live-and-official-weigh-in-results-2
2015-12-10,UFC Fight Night: Namajunas vs. VanZant,Johnny Eduardo (135) vs. Aljamain Sterling (135.5),Aljamain Sterling,Johnny Eduardo,135.5,http://mmajunkie.com/2015/12/ufc-fight-night-80-live-and-official-weigh-in-results-2
2015-12-10,UFC Fight Night: Namajunas vs. VanZant,Santiago Ponzinibbio (170) vs. Andreas Stahl (171),Santiago Ponzinibbio,Andreas Stahl,170,http://mmajunkie.com/2015/12/ufc-fight-night-80-live-and-official-weigh-in-results-2
2015-12-10,UFC Fight Night: Namajunas vs. VanZant,Santiago Ponzinibbio (170) vs. Andreas Stahl (171),Andreas Stahl,Santiago Ponzinibbio,171,http://mmajunkie.com/2015/12/ufc-fight-night-80-live-and-official-weigh-in-results-2
2015-12-10,UFC Fight Night: Namajunas vs. VanZant,Nathan Coy (170) vs. Danny Roberts (169.5),Nathan Coy,Danny Roberts,170,http://mmajunkie.com/2015/12/ufc-fight-night-80-live-and-official-weigh-in-results-2
2015-12-10,UFC Fight Night: Namajunas vs. VanZant,Nathan Coy (170) vs. Danny Roberts (169.5),Danny Roberts,Nathan Coy,169.5,http://mmajunkie.com/2015/12/ufc-fight-night-80-live-and-official-weigh-in-results-2
2015-12-10,UFC Fight Night: Namajunas vs. VanZant,Phillipe Nover (145) vs. Zubaira Tukhugov (145),Phillipe Nover,Zubaira Tukhugov,145,http://mmajunkie.com/2015/12/ufc-fight-night-80-live-and-official-weigh-in-results-2
2015-12-10,UFC Fight Night: Namajunas vs. VanZant,Phillipe Nover (145) vs. Zubaira Tukhugov (145),Zubaira Tukhugov,Phillipe Nover,145,http://mmajunkie.com/2015/12/ufc-fight-night-80-live-and-official-weigh-in-results-2
2015-12-10,UFC Fight Night: Namajunas vs. VanZant,Kailin Curran (115) vs. Emily Kagan (115),Kailin Curran,Emily Kagan,115,http://mmajunkie.com/2015/12/ufc-fight-night-80-live-and-official-weigh-in-results-2
2015-12-10,UFC Fight Night: Namajunas vs. VanZant,Kailin Curran (115) vs. Emily Kagan (115),Emily Kagan,Kailin Curran,115,http://mmajunkie.com/2015/12/ufc-fight-night-80-live-and-official-weigh-in-results-2
2015-11-28,UFC Fight Night: Henderson vs. Masvidal,Benson Henderson (170) vs. Jorge Masvidal (170),Benson Henderson,Jorge Masvidal,170,http://mmajunkie.com/2015/11/ufc-fight-night-79-live-and-official-weigh-in-results
2015-11-28,UFC Fight Night: Henderson vs. Masvidal,Benson Henderson (170) vs. Jorge Masvidal (170),Jorge Masvidal,Benson Henderson,170,http://mmajunkie.com/2015/11/ufc-fight-night-79-live-and-official-weigh-in-results
2015-11-28,UFC Fight Night: Henderson vs. Masvidal,Dong Hyun Kim (171) vs. Dominic Waters (170),Dong Hyun Kim,Dominic Waters,171,http://mmajunkie.com/2015/11/ufc-fight-night-79-live-and-official-weigh-in-results
2015-11-28,UFC Fight Night: Henderson vs. Masvidal,Dong Hyun Kim (171) vs. Dominic Waters (170),Dominic Waters,Dong Hyun Kim,170,http://mmajunkie.com/2015/11/ufc-fight-night-79-live-and-official-weigh-in-results
2015-11-28,UFC Fight Night: Henderson vs. Masvidal,Yoshihiro Akiyama (170) vs. Alberto Mina (171),Yoshihiro Akiyama,Alberto Mina,170,http://mmajunkie.com/2015/11/ufc-fight-night-79-live-and-official-weigh-in-results
2015-11-28,UFC Fight Night: Henderson vs. Masvidal,Yoshihiro Akiyama (170) vs. Alberto Mina (171),Alberto Mina,Yoshihiro Akiyama,171,http://mmajunkie.com/2015/11/ufc-fight-night-79-live-and-official-weigh-in-results
2015-11-28,UFC Fight Night: Henderson vs. Masvidal,Doo Ho Choi (146) vs. Sam Sicilia (146),Doo Ho Choi,Sam Sicilia,146,http://mmajunkie.com/2015/11/ufc-fight-night-79-live-and-official-weigh-in-results
2015-11-28,UFC Fight Night: Henderson vs. Masvidal,Doo Ho Choi (146) vs. Sam Sicilia (146),Sam Sicilia,Doo Ho Choi,146,http://mmajunkie.com/2015/11/ufc-fight-night-79-live-and-official-weigh-in-results
2015-11-28,UFC Fight Night: Henderson vs. Masvidal,Jake Collier (185) vs. Dongi Yang (186),Jake Collier,Dongi Yang,185,http://mmajunkie.com/2015/11/ufc-fight-night-79-live-and-official-weigh-in-results
2015-11-28,UFC Fight Night: Henderson vs. Masvidal,Jake Collier (185) vs. Dongi Yang (186),Dongi Yang,Jake Collier,186,http://mmajunkie.com/2015/11/ufc-fight-night-79-live-and-official-weigh-in-results
2015-11-28,UFC Fight Night: Henderson vs. Masvidal,Yui Chul Nam (146) vs. Mike De La Torre (146),Yui Chul Nam,Mike De La Torre,146,http://mmajunkie.com/2015/11/ufc-fight-night-79-live-and-official-weigh-in-results
2015-11-28,UFC Fight Night: Henderson vs. Masvidal,Yui Chul Nam (146) vs. Mike De La Torre (146),Mike De La Torre,Yui Chul Nam,146,http://mmajunkie.com/2015/11/ufc-fight-night-79-live-and-official-weigh-in-results
2015-11-28,UFC Fight Night: Henderson vs. Masvidal,Tae Hyun Bang (156) vs. Leo Kuntz (156),Tae Hyun Bang,Leo Kuntz,156,http://mmajunkie.com/2015/11/ufc-fight-night-79-live-and-official-weigh-in-results
2015-11-28,UFC Fight Night: Henderson vs. Masvidal,Tae Hyun Bang (156) vs. Leo Kuntz (156),Leo Kuntz,Tae Hyun Bang,156,http://mmajunkie.com/2015/11/ufc-fight-night-79-live-and-official-weigh-in-results
2015-11-28,UFC Fight Night: Henderson vs. Masvidal,Courtney Casey (116) vs. Seo Hee Ham (115),Courtney Casey,Seo Hee Ham,116,http://mmajunkie.com/2015/11/ufc-fight-night-79-live-and-official-weigh-in-results
2015-11-28,UFC Fight Night: Henderson vs. Masvidal,Courtney Casey (116) vs. Seo Hee Ham (115),Seo Hee Ham,Courtney Casey,115,http://mmajunkie.com/2015/11/ufc-fight-night-79-live-and-official-weigh-in-results
2015-11-28,UFC Fight Night: Henderson vs. Masvidal,Fredy Serrano (125) vs. Yao Zhikui (126),Fredy Serrano,Yao Zhikui,125,http://mmajunkie.com/2015/11/ufc-fight-night-79-live-and-official-weigh-in-results
2015-11-28,UFC Fight Night: Henderson vs. Masvidal,Fredy Serrano (125) vs. Yao Zhikui (126),Yao Zhikui,Fredy Serrano,126,http://mmajunkie.com/2015/11/ufc-fight-night-79-live-and-official-weigh-in-results
2015-11-28,UFC Fight Night: Henderson vs. Masvidal,Marco Beltran (136) vs. Ning Guangyou (134),Marco Beltran,Ning Guangyou,136,http://mmajunkie.com/2015/11/ufc-fight-night-79-live-and-official-weigh-in-results
2015-11-28,UFC Fight Night: Henderson vs. Masvidal,Marco Beltran (136) vs. Ning Guangyou (134),Ning Guangyou,Marco Beltran,134,http://mmajunkie.com/2015/11/ufc-fight-night-79-live-and-official-weigh-in-results
2015-11-28,UFC Fight Night: Henderson vs. Masvidal,"""Maestro"" Dong Hyun Kim (170) vs. Dominique Steele (171)","""Maestro"" Dong Hyun Kim",Dominique Steele,170,http://mmajunkie.com/2015/11/ufc-fight-night-79-live-and-official-weigh-in-results
2015-11-28,UFC Fight Night: Henderson vs. Masvidal,"""Maestro"" Dong Hyun Kim (170) vs. Dominique Steele (171)",Dominique Steele,"""Maestro"" Dong Hyun Kim",171,http://mmajunkie.com/2015/11/ufc-fight-night-79-live-and-official-weigh-in-results
2010-05-29,UFC 114: Rampage vs. Evans,"Quinton ""Rampage"" Jackson (205) vs. Rashad Evans (206)","Quinton ""Rampage"" Jackson",Rashad Evans,205,https://www.mmafighting.com/2010/05/28/ufc-114-weigh-in-results
2010-05-29,UFC 114: Rampage vs. Evans,"Quinton ""Rampage"" Jackson (205) vs. Rashad Evans (206)",Rashad Evans,"Quinton ""Rampage"" Jackson",206,https://www.mmafighting.com/2010/05/28/ufc-114-weigh-in-results
2010-05-29,UFC 114: Rampage vs. Evans,Michael Bisping (186) vs. Dan Miller (185),Michael Bisping,Dan Miller,186,https://www.mmafighting.com/2010/05/28/ufc-114-weigh-in-results
2010-05-29,UFC 114: Rampage vs. Evans,Michael Bisping (186) vs. Dan Miller (185),Dan Miller,Michael Bisping,185,https://www.mmafighting.com/2010/05/28/ufc-114-weigh-in-results
2010-05-29,UFC 114: Rampage vs. Evans,Antonio Regerio Nogueira (205) vs. Jason Brilz (205),Antonio Regerio Nogueira,Jason Brilz,205,https://www.mmafighting.com/2010/05/28/ufc-114-weigh-in-results
2010-05-29,UFC 114: Rampage vs. Evans,Antonio Regerio Nogueira (205) vs. Jason Brilz (205),Jason Brilz,Antonio Regerio Nogueira,205,https://www.mmafighting.com/2010/05/28/ufc-114-weigh-in-results
2010-05-29,UFC 114: Rampage vs. Evans,Diego Sanchez (171) vs. John Hathaway (171),Diego Sanchez,John Hathaway,171,https://www.mmafighting.com/2010/05/28/ufc-114-weigh-in-results
2010-05-29,UFC 114: Rampage vs. Evans,Diego Sanchez (171) vs. John Hathaway (171),John Hathaway,Diego Sanchez,171,https://www.mmafighting.com/2010/05/28/ufc-114-weigh-in-results
2010-05-29,UFC 114: Rampage vs. Evans,Todd Duffee (253) vs. Mike Russow (153),Todd Duffee,Mike Russow,253,https://www.mmafighting.com/2010/05/28/ufc-114-weigh-in-results
2010-05-29,UFC 114: Rampage vs. Evans,Todd Duffee (253) vs. Mike Russow (153),Mike Russow,Todd Duffee,153,https://www.mmafighting.com/2010/05/28/ufc-114-weigh-in-results
2010-05-29,UFC 114: Rampage vs. Evans,Amir Sadollah (171) vs. Dong Hyun Kim (171),Amir Sadollah,Dong Hyun Kim,171,https://www.mmafighting.com/2010/05/28/ufc-114-weigh-in-results
2010-05-29,UFC 114: Rampage vs. Evans,Amir Sadollah (171) vs. Dong Hyun Kim (171),Dong Hyun Kim,Amir Sadollah,171,https://www.mmafighting.com/2010/05/28/ufc-114-weigh-in-results
2010-05-29,UFC 114: Rampage vs. Evans,Efrain Escudero (156) vs. Dan Lauzon (155),Efrain Escudero,Dan Lauzon,156,https://www.mmafighting.com/2010/05/28/ufc-114-weigh-in-results
2010-05-29,UFC 114: Rampage vs. Evans,Efrain Escudero (156) vs. Dan Lauzon (155),Dan Lauzon,Efrain Escudero,155,https://www.mmafighting.com/2010/05/28/ufc-114-weigh-in-results
2010-05-29,UFC 114: Rampage vs. Evans,Melvin Guillard (155) vs. Waylon Lowe (155),Melvin Guillard,Waylon Lowe,155,https://www.mmafighting.com/2010/05/28/ufc-114-weigh-in-results
2010-05-29,UFC 114: Rampage vs. Evans,Melvin Guillard (155) vs. Waylon Lowe (155),Waylon Lowe,Melvin Guillard,155,https://www.mmafighting.com/2010/05/28/ufc-114-weigh-in-results
2010-05-29,UFC 114: Rampage vs. Evans,Luiz Arthur Cane (205) vs. Cyrille Diabate (205),Luiz Arthur Cane,Cyrille Diabate,205,https://www.mmafighting.com/2010/05/28/ufc-114-weigh-in-results
2010-05-29,UFC 114: Rampage vs. Evans,Luiz Arthur Cane (205) vs. Cyrille Diabate (205),Cyrille Diabate,Luiz Arthur Cane,205,https://www.mmafighting.com/2010/05/28/ufc-114-weigh-in-results
2010-05-29,UFC 114: Rampage vs. Evans,Aaron Riley (156) vs. Joe Brammer (156),Aaron Riley,Joe Brammer,156,https://www.mmafighting.com/2010/05/28/ufc-114-weigh-in-results
2010-05-29,UFC 114: Rampage vs. Evans,Aaron Riley (156) vs. Joe Brammer (156),Joe Brammer,Aaron Riley,156,https://www.mmafighting.com/2010/05/28/ufc-114-weigh-in-results
2010-05-29,UFC 114: Rampage vs. Evans,Jesse Forbes (186) vs. Ryan Jensen (185),Jesse Forbes,Ryan Jensen,186,https://www.mmafighting.com/2010/05/28/ufc-114-weigh-in-results
2010-05-29,UFC 114: Rampage vs. Evans,Jesse Forbes (186) vs. Ryan Jensen (185),Ryan Jensen,Jesse Forbes,185,https://www.mmafighting.com/2010/05/28/ufc-114-weigh-in-results
2010-04-10,UFC 112: Invincible,Demian Maia (184) vs. Anderson Silva (185),Demian Maia,Anderson Silva,184,https://www.mmafighting.com/2010/04/09/ufc-112-weigh-in-results
2010-04-10,UFC 112: Invincible,Demian Maia (184) vs. Anderson Silva (185),Anderson Silva,Demian Maia,185,https://www.mmafighting.com/2010/04/09/ufc-112-weigh-in-results
2010-04-10,UFC 112: Invincible,Frankie Edgar (154) vs. BJ Penn (155),Frankie Edgar,BJ Penn,154,https://www.mmafighting.com/2010/04/09/ufc-112-weigh-in-results
2010-04-10,UFC 112: Invincible,Frankie Edgar (154) vs. BJ Penn (155),BJ Penn,Frankie Edgar,155,https://www.mmafighting.com/2010/04/09/ufc-112-weigh-in-results
2010-04-10,UFC 112: Invincible,Renzo Gracie (171) vs. Matt Hughes (170),Renzo Gracie,Matt Hughes,171,https://www.mmafighting.com/2010/04/09/ufc-112-weigh-in-results
2010-04-10,UFC 112: Invincible,Renzo Gracie (171) vs. Matt Hughes (170),Matt Hughes,Renzo Gracie,170,https://www.mmafighting.com/2010/04/09/ufc-112-weigh-in-results
2010-04-10,UFC 112: Invincible,Rafael Dos Anjos (156) vs. Terry Etim (154),Rafael Dos Anjos,Terry Etim,156,https://www.mmafighting.com/2010/04/09/ufc-112-weigh-in-results
2010-04-10,UFC 112: Invincible,Rafael Dos Anjos (156) vs. Terry Etim (154),Terry Etim,Rafael Dos Anjos,154,https://www.mmafighting.com/2010/04/09/ufc-112-weigh-in-results
2010-04-10,UFC 112: Invincible,Mark Munoz (185) vs. Kendall Grove (185),Mark Munoz,Kendall Grove,185,https://www.mmafighting.com/2010/04/09/ufc-112-weigh-in-results
2010-04-10,UFC 112: Invincible,Mark Munoz (185) vs. Kendall Grove (185),Kendall Grove,Mark Munoz,185,https://www.mmafighting.com/2010/04/09/ufc-112-weigh-in-results
2010-04-10,UFC 112: Invincible,Phil Davis (204) vs. Alexander Gustafsson (205),Phil Davis,Alexander Gustafsson,204,https://www.mmafighting.com/2010/04/09/ufc-112-weigh-in-results
2010-04-10,UFC 112: Invincible,Phil Davis (204) vs. Alexander Gustafsson (205),Alexander Gustafsson,Phil Davis,205,https://www.mmafighting.com/2010/04/09/ufc-112-weigh-in-results
2010-04-10,UFC 112: Invincible,John Gunderson (154) vs. Paul Taylor (155),John Gunderson,Paul Taylor,154,https://www.mmafighting.com/2010/04/09/ufc-112-weigh-in-results
2010-04-10,UFC 112: Invincible,John Gunderson (154) vs. Paul Taylor (155),Paul Taylor,John Gunderson,155,https://www.mmafighting.com/2010/04/09/ufc-112-weigh-in-results
2010-04-10,UFC 112: Invincible,Rick Story (169) vs. Nick Osipczak (170),Rick Story,Nick Osipczak,169,https://www.mmafighting.com/2010/04/09/ufc-112-weigh-in-results
2010-04-10,UFC 112: Invincible,Rick Story (169) vs. Nick Osipczak (170),Nick Osipczak,Rick Story,170,https://www.mmafighting.com/2010/04/09/ufc-112-weigh-in-results
2010-04-10,UFC 112: Invincible,Brad Blackburn (170) vs. DaMarques Johnson (170),Brad Blackburn,DaMarques Johnson,170,https://www.mmafighting.com/2010/04/09/ufc-112-weigh-in-results
2010-04-10,UFC 112: Invincible,Brad Blackburn (170) vs. DaMarques Johnson (170),DaMarques Johnson,Brad Blackburn,170,https://www.mmafighting.com/2010/04/09/ufc-112-weigh-in-results
2010-04-10,UFC 112: Invincible,Matt Veach (155) vs. Paul Kelly (156),Matt Veach,Paul Kelly,155,https://www.mmafighting.com/2010/04/09/ufc-112-weigh-in-results
2010-04-10,UFC 112: Invincible,Matt Veach (155) vs. Paul Kelly (156),Paul Kelly,Matt Veach,156,https://www.mmafighting.com/2010/04/09/ufc-112-weigh-in-results
2010-04-10,UFC 112: Invincible,Mostapha Al Turk (235) vs. Jon Madsen (252),Mostapha Al Turk,Jon Madsen,235,https://www.mmafighting.com/2010/04/09/ufc-112-weigh-in-results
2010-04-10,UFC 112: Invincible,Mostapha Al Turk (235) vs. Jon Madsen (252),Jon Madsen,Mostapha Al Turk,252,https://www.mmafighting.com/2010/04/09/ufc-112-weigh-in-results
